,geohash_index,geohash6
0,0,qp03wc
1,1,qp03pn
2,2,qp09sw
3,3,qp0991
4,4,qp090q
5,5,qp03tu
6,6,qp096d
7,7,qp03nr
8,8,qp093r
9,9,qp03r2
10,10,qp09kb
11,11,qp03rp
12,12,qp03w9
13,13,qp096m
14,14,qp091u
15,15,qp03md
16,16,qp099z
17,17,qp0990
18,18,qp03mf
19,19,qp09fu
20,20,qp091w
21,21,qp0dhw
22,22,qp09fh
23,23,qp0961
24,24,qp03zr
25,25,qp09de
26,26,qp09g8
27,27,qp0d0k
28,28,qp09m0
29,29,qp03yx
30,30,qp09u8
31,31,qp09df
32,32,qp0djh
33,33,qp03rs
34,34,qp03q7
35,35,qp03wp
36,36,qp09u3
37,37,qp094k
38,38,qp09bd
39,39,qp03wm
40,40,qp0d0j
41,41,qp093d
42,42,qp09kz
43,43,qp06nc
44,44,qp06pk
45,45,qp03yv
46,46,qp09bq
47,47,qp09k0
48,48,qp06pe
49,49,qp03w7
50,50,qp098e
51,51,qp03q6
52,52,qp06n8
53,53,qp0925
54,54,qp09b2
55,55,qp096t
56,56,qp09gh
57,57,qp03y1
58,58,qp0djw
59,59,qp09t8
60,60,qp094j
61,61,qp09k3
62,62,qp09ss
63,63,qp09hm
64,64,qp03wt
65,65,qp092d
66,66,qp03rh
67,67,qp03w0
68,68,qp03y9
69,69,qp09ge
70,70,qp03ye
71,71,qp096w
72,72,qp03x3
73,73,qp03xu
74,74,qp03mz
75,75,qp093x
76,76,qp09dk
77,77,qp09hy
78,78,qp0d19
79,79,qp09dm
80,80,qp09sz
81,81,qp06pw
82,82,qp09gw
83,83,qp02zz
84,84,qp0dj0
85,85,qp03yk
86,86,qp09g1
87,87,qp099b
88,88,qp08fx
89,89,qp09e5
90,90,qp09fd
91,91,qp09tp
92,92,qp09hj
93,93,qp0900
94,94,qp0d5g
95,95,qp09gy
96,96,qp08gy
97,97,qp09jq
98,98,qp03yd
99,99,qp094q
100,100,qp08bq
101,101,qp02ze
102,102,qp0901
103,103,qp03wz
104,104,qp03p3
105,105,qp09cm
106,106,qp09tn
107,107,qp03zd
108,108,qp03z4
109,109,qp03ym
110,110,qp09g3
111,111,qp09d3
112,112,qp03td
113,113,qp091y
114,114,qp09t9
115,115,qp097f
116,116,qp09fz
117,117,qp09ht
118,118,qp03jz
119,119,qp09dg
120,120,qp03wn
121,121,qp03tg
122,122,qp093u
123,123,qp098j
124,124,qp03x6
125,125,qp09bn
126,126,qp09uj
127,127,qp09tr
128,128,qp0981
129,129,qp03mw
130,130,qp08cn
131,131,qp09kv
132,132,qp09cc
133,133,qp03mu
134,134,qp09fm
135,135,qp03y6
136,136,qp03yg
137,137,qp09sn
138,138,qp03r7
139,139,qp03rg
140,140,qp098k
141,141,qp0d1f
142,142,qp03q2
143,143,qp09bt
144,144,qp03r6
145,145,qp09eb
146,146,qp03qc
147,147,qp03xh
148,148,qp03me
149,149,qp0993
150,150,qp0dhu
151,151,qp0dh9
152,152,qp09ev
153,153,qp03nx
154,154,qp08gn
155,155,qp03x4
156,156,qp03w8
157,157,qp09b4
158,158,qp094r
159,159,qp0979
160,160,qp03m3
161,161,qp03zu
162,162,qp090s
163,163,qp08bh
164,164,qp03zg
165,165,qp03zn
166,166,qp03m6
167,167,qp0d59
168,168,qp093p
169,169,qp09f9
170,170,qp03wx
171,171,qp09bh
172,172,qp03x0
173,173,qp09db
174,174,qp03zp
175,175,qp0d56
176,176,qp092k
177,177,qp08un
178,178,qp099t
179,179,qp09u9
180,180,qp03zk
181,181,qp0dhc
182,182,qp03qv
183,183,qp0d53
184,184,qp03mv
185,185,qp03r9
186,186,qp02yc
187,187,qp097k
188,188,qp03x9
189,189,qp0985
190,190,qp09gx
191,191,qp097v
192,192,qp03we
193,193,qp0d0h
194,194,qp0984
195,195,qp0d4w
196,196,qp096v
197,197,qp09e3
198,198,qp09ud
199,199,qp09s6
200,200,qp08gt
201,201,qp0djv
202,202,qp03p1
203,203,qp03rz
204,204,qp095b
205,205,qp06pn
206,206,qp0d12
207,207,qp03zm
208,208,qp09v1
209,209,qp09dt
210,210,qp0d58
211,211,qp095r
212,212,qp09cd
213,213,qp09b5
214,214,qp099r
215,215,qp03w4
216,216,qp03t6
217,217,qp03x7
218,218,qp09b1
219,219,qp09kx
220,220,qp0d4c
221,221,qp096j
222,222,qp09um
223,223,qp09f1
224,224,qp09e9
225,225,qp0d54
226,226,qp09cp
227,227,qp0951
228,228,qp090r
229,229,qp02zj
230,230,qp097x
231,231,qp0980
232,232,qp09uz
233,233,qp0dj6
234,234,qp0dhg
235,235,qp092s
236,236,qp03zj
237,237,qp0d5f
238,238,qp094t
239,239,qp0d1h
240,240,qp098n
241,241,qp03xd
242,242,qp03z0
243,243,qp096g
244,244,qp096u
245,245,qp03px
246,246,qp09gg
247,247,qp09dd
248,248,qp0dj1
249,249,qp0djs
250,250,qp094m
251,251,qp06pc
252,252,qp094w
253,253,qp09hr
254,254,qp03pd
255,255,qp08cm
256,256,qp0d4q
257,257,qp03qu
258,258,qp09u1
259,259,qp097u
260,260,qp03nq
261,261,qp093y
262,262,qp09s9
263,263,qp03rk
264,264,qp09em
265,265,qp094z
266,266,qp0929
267,267,qp03pe
268,268,qp099y
269,269,qp09u0
270,270,qp09hn
271,271,qp03r5
272,272,qp095c
273,273,qp03z8
274,274,qp03yc
275,275,qp09vw
276,276,qp03ze
277,277,qp06pm
278,278,qp0987
279,279,qp0d4n
280,280,qp06ph
281,281,qp09fj
282,282,qp092p
283,283,qp09gu
284,284,qp0dh0
285,285,qp096x
286,286,qp09uv
287,287,qp03jx
288,288,qp09tx
289,289,qp09f7
290,290,qp092e
291,291,qp09cu
292,292,qp09ew
293,293,qp0959
294,294,qp0d4y
295,295,qp08bk
296,296,qp03xy
297,297,qp096p
298,298,qp03z3
299,299,qp09hs
300,300,qp03qm
301,301,qp099s
302,302,qp03ty
303,303,qp03jy
304,304,qp03xx
305,305,qp09t5
306,306,qp096z
307,307,qp098q
308,308,qp03z5
309,309,qp03yf
310,310,qp09gf
311,311,qp03qy
312,312,qp0d4e
313,313,qp0970
314,314,qp03nz
315,315,qp093z
316,316,qp09vv
317,317,qp0d0c
318,318,qp0d01
319,319,qp06n9
320,320,qp09w5
321,321,qp03zw
322,322,qp0941
323,323,qp09b0
324,324,qp0dj4
325,325,qp099g
326,326,qp092h
327,327,qp0djj
328,328,qp03x8
329,329,qp09fx
330,330,qp06p7
331,331,qp092x
332,332,qp03qd
333,333,qp03pr
334,334,qp02zh
335,335,qp03t7
336,336,qp03xn
337,337,qp03ny
338,338,qp09s8
339,339,qp09be
340,340,qp09dj
341,341,qp02zc
342,342,qp09sf
343,343,qp0949
344,344,qp03wb
345,345,qp03p2
346,346,qp09fv
347,347,qp0dh4
348,348,qp09ef
349,349,qp03p4
350,350,qp09vq
351,351,qp09cx
352,352,qp09kc
353,353,qp09sj
354,354,qp02zk
355,355,qp09vz
356,356,qp03zf
357,357,qp03w1
358,358,qp099m
359,359,qp03x5
360,360,qp03q3
361,361,qp09en
362,362,qp0953
363,363,qp099v
364,364,qp08cy
365,365,qp0d4f
366,366,qp099h
367,367,qp09gs
368,368,qp03rd
369,369,qp03qs
370,370,qp0997
371,371,qp03zz
372,372,qp0948
373,373,qp09cj
374,374,qp03tf
375,375,qp06nf
376,376,qp09jv
377,377,qp09md
378,378,qp0909
379,379,qp09er
380,380,qp03ws
381,381,qp09dn
382,382,qp09vy
383,383,qp09b3
384,384,qp097h
385,385,qp093g
386,386,qp0958
387,387,qp0dh8
388,388,qp03xz
389,389,qp0djm
390,390,qp094h
391,391,qp092w
392,392,qp03re
393,393,qp06pu
394,394,qp09ft
395,395,qp0d0g
396,396,qp095k
397,397,qp0946
398,398,qp03mq
399,399,qp03zs
400,400,qp09k2
401,401,qp09ed
402,402,qp09kf
403,403,qp03jq
404,404,qp09vk
405,405,qp03rc
406,406,qp094y
407,407,qp08gx
408,408,qp03yb
409,409,qp03rn
410,410,qp09mp
411,411,qp03ru
412,412,qp09mx
413,413,qp0989
414,414,qp09vt
415,415,qp090x
416,416,qp09ez
417,417,qp0d51
418,418,qp09ep
419,419,qp03r3
420,420,qp09sd
421,421,qp0d4u
422,422,qp090c
423,423,qp0dj7
424,424,qp0d05
425,425,qp03my
426,426,qp0974
427,427,qp090k
428,428,qp0d5b
429,429,qp095j
430,430,qp09sh
431,431,qp099e
432,432,qp0978
433,433,qp03w2
434,434,qp03ww
435,435,qp094b
436,436,qp098r
437,437,qp090p
438,438,qp09f0
439,439,qp09e4
440,440,qp03xm
441,441,qp09d7
442,442,qp09g2
443,443,qp03p9
444,444,qp02zr
445,445,qp03z7
446,446,qp08by
447,447,qp09mu
448,448,qp02zm
449,449,qp0dht
450,450,qp08b4
451,451,qp092t
452,452,qp095v
453,453,qp09yh
454,454,qp095m
455,455,qp03mr
456,456,qp097y
457,457,qp0d0v
458,458,qp09gv
459,459,qp0dhs
460,460,qp097t
461,461,qp09d6
462,462,qp03wd
463,463,qp08gq
464,464,qp0d4b
465,465,qp093w
466,466,qp092m
467,467,qp0982
468,468,qp09bm
469,469,qp093c
470,470,qp0d00
471,471,qp03r8
472,472,qp0927
473,473,qp09dc
474,474,qp06py
475,475,qp03m7
476,476,qp096e
477,477,qp03qj
478,478,qp03pp
479,479,qp09sk
480,480,qp02zy
481,481,qp09cw
482,482,qp09f5
483,483,qp09g9
484,484,qp09f6
485,485,qp0923
486,486,qp02zt
487,487,qp09ky
488,488,qp08gr
489,489,qp09uu
490,490,qp092r
491,491,qp02z1
492,492,qp06p6
493,493,qp090e
494,494,qp0960
495,495,qp03qx
496,496,qp03wg
497,497,qp03py
498,498,qp097b
499,499,qp03pf
500,500,qp09bk
501,501,qp0963
502,502,qp06p9
503,503,qp09sr
504,504,qp03pb
505,505,qp096h
506,506,qp095n
507,507,qp097e
508,508,qp08gz
509,509,qp03m8
510,510,qp06pg
511,511,qp09fk
512,512,qp09eu
513,513,qp09hk
514,514,qp03qw
515,515,qp09gp
516,516,qp092n
517,517,qp094u
518,518,qp03tv
519,519,qp0d0f
520,520,qp03r4
521,521,qp09d8
522,522,qp0d0w
523,523,qp03y0
524,524,qp03t8
525,525,qp03mk
526,526,qp03r0
527,527,qp09d5
528,528,qp03nd
529,529,qp097c
530,530,qp0d52
531,531,qp02zp
532,532,qp09fq
533,533,qp03qb
534,534,qp03rm
535,535,qp09dh
536,536,qp096y
537,537,qp03qk
538,538,qp06pt
539,539,qp09hw
540,540,qp03wj
541,541,qp03rb
542,542,qp0971
543,543,qp097d
544,544,qp096s
545,545,qp09b6
546,546,qp09e7
547,547,qp03tx
548,548,qp09ek
549,549,qp09f2
550,550,qp093v
551,551,qp09mq
552,552,qp09dw
553,553,qp092q
554,554,qp03tz
555,555,qp0d1w
556,556,qp03pk
557,557,qp09d4
558,558,qp03q4
559,559,qp03xr
560,560,qp03tb
561,561,qp096k
562,562,qp03wv
563,563,qp09vp
564,564,qp03tc
565,565,qp03zt
566,566,qp03xb
567,567,qp03p8
568,568,qp098g
569,569,qp09e6
570,570,qp09uw
571,571,qp03qh
572,572,qp09fg
573,573,qp03xp
574,574,qp0992
575,575,qp06pv
576,576,qp03qg
577,577,qp03q5
578,578,qp03q8
579,579,qp03mb
580,580,qp03mg
581,581,qp09e1
582,582,qp03x1
583,583,qp09fr
584,584,qp09ue
585,585,qp03nw
586,586,qp097z
587,587,qp0945
588,588,qp09cy
589,589,qp03yy
590,590,qp09sp
591,591,qp092j
592,592,qp09dp
593,593,qp09yn
594,594,qp09ug
595,595,qp03m9
596,596,qp09k4
597,597,qp03w5
598,598,qp0d4g
599,599,qp09ut
600,600,qp03xf
601,601,qp03x2
602,602,qp09et
603,603,qp09s7
604,604,qp03zc
605,605,qp03rf
606,606,qp03rt
607,607,qp0djy
608,608,qp0922
609,609,qp09dv
610,610,qp0d48
611,611,qp0d4t
612,612,qp03pv
613,613,qp096f
614,614,qp02z9
615,615,qp03ms
616,616,qp0d0m
617,617,qp0dhb
618,618,qp09mn
619,619,qp03yw
620,620,qp03qf
621,621,qp09u5
622,622,qp0djk
623,623,qp09ds
624,624,qp09g6
625,625,qp09gj
626,626,qp02zx
627,627,qp0921
628,628,qp0d15
629,629,qp06ns
630,630,qp0944
631,631,qp03xk
632,632,qp09t1
633,633,qp0950
634,634,qp09h5
635,635,qp090w
636,636,qp09cg
637,637,qp090j
638,638,qp09h0
639,639,qp09wp
640,640,qp0d0n
641,641,qp09jn
642,642,qp0d07
643,643,qp03q9
644,644,qp0934
645,645,qp03jw
646,646,qp02zd
647,647,qp0d1k
648,648,qp06pj
649,649,qp0d1g
650,650,qp09kt
651,651,qp091z
652,652,qp0924
653,653,qp098p
654,654,qp09uc
655,655,qp09vn
656,656,qp094p
657,657,qp03pu
658,658,qp06ne
659,659,qp09t0
660,660,qp09tw
661,661,qp0d16
662,662,qp093q
663,663,qp095u
664,664,qp03rx
665,665,qp0986
666,666,qp0dh6
667,667,qp03ts
668,668,qp09v0
669,669,qp03wy
670,670,qp0djt
671,671,qp091n
672,672,qp09mw
673,673,qp09t2
674,674,qp0920
675,675,qp09un
676,676,qp0d0b
677,677,qp03z6
678,678,qp03pw
679,679,qp09uy
680,680,qp09q5
681,681,qp093s
682,682,qp09fs
683,683,qp02zs
684,684,qp09m1
685,685,qp03xc
686,686,qp095q
687,687,qp09vj
688,688,qp0903
689,689,qp03mc
690,690,qp09us
691,691,qp0dhe
692,692,qp099j
693,693,qp09ex
694,694,qp09u4
695,695,qp096b
696,696,qp03z1
697,697,qp03ys
698,698,qp03rj
699,699,qp06nd
700,700,qp09sc
701,701,qp03yq
702,702,qp08br
703,703,qp09c9
704,704,qp098u
705,705,qp03ps
706,706,qp096c
707,707,qp09ux
708,708,qp09bz
709,709,qp03t9
710,710,qp03xt
711,711,qp09d2
712,712,qp09vx
713,713,qp03m2
714,714,qp09g0
715,715,qp03zv
716,716,qp095y
717,717,qp0dhh
718,718,qp03tt
719,719,qp094g
720,720,qp06p0
721,721,qp098m
722,722,qp097s
723,723,qp0d5e
724,724,qp099w
725,725,qp0d4s
726,726,qp09es
727,727,qp03xj
728,728,qp09t4
729,729,qp09v2
730,730,qp09uf
731,731,qp03qn
732,732,qp03yu
733,733,qp09ku
734,734,qp09hh
735,735,qp0d4d
736,736,qp09gr
737,737,qp0d06
738,738,qp08gp
739,739,qp095e
740,740,qp03wk
741,741,qp09th
742,742,qp03z2
743,743,qp0dj8
744,744,qp03wf
745,745,qp099d
746,746,qp0947
747,747,qp0d1c
748,748,qp0983
749,749,qp09gt
750,750,qp09k9
751,751,qp0968
752,752,qp0d1m
753,753,qp095t
754,754,qp09eq
755,755,qp06nu
756,756,qp09fw
757,757,qp08cp
758,758,qp09e8
759,759,qp06p4
760,760,qp06p1
761,761,qp09g5
762,762,qp090t
763,763,qp09s2
764,764,qp09b7
765,765,qp0d02
766,766,qp09vr
767,767,qp06ps
768,768,qp06pb
769,769,qp03r1
770,770,qp09fb
771,771,qp09u6
772,772,qp09fy
773,773,qp0954
774,774,qp03wr
775,775,qp06p5
776,776,qp03rq
777,777,qp0996
778,778,qp0933
779,779,qp08bm
780,780,qp02zw
781,781,qp09sm
782,782,qp0dj9
783,783,qp09bj
784,784,qp09bw
785,785,qp0d49
786,786,qp03qq
787,787,qp0962
788,788,qp0dh2
789,789,qp090b
790,790,qp03y7
791,791,qp09bp
792,792,qp03q1
793,793,qp09vu
794,794,qp08bj
795,795,qp0969
796,796,qp0976
797,797,qp09gk
798,798,qp03xw
799,799,qp098c
800,800,qp0dhy
801,801,qp09cv
802,802,qp0dnj
803,803,qp0djn
804,804,qp06nb
805,805,qp03xs
806,806,qp094x
807,807,qp095w
808,808,qp03v9
809,809,qp09k1
810,810,qp0d42
811,811,qp03xq
812,812,qp03wh
813,813,qp09d1
814,814,qp09mr
815,815,qp03qr
816,816,qp03q0
817,817,qp093m
818,818,qp08bp
819,819,qp09st
820,820,qp09gn
821,821,qp09jf
822,822,qp095x
823,823,qp03pt
824,824,qp093t
825,825,qp08ck
826,826,qp09sx
827,827,qp090m
828,828,qp03y2
829,829,qp099c
830,830,qp0975
831,831,qp098d
832,832,qp03w3
833,833,qp096n
834,834,qp09ce
835,835,qp09y5
836,836,qp0dj5
837,837,qp03zb
838,838,qp09hx
839,839,qp08b5
840,840,qp03xv
841,841,qp098h
842,842,qp09sy
843,843,qp0djc
844,844,qp09eh
845,845,qp091x
846,846,qp06pq
847,847,qp08gj
848,848,qp03np
849,849,qp06p2
850,850,qp097m
851,851,qp0d18
852,852,qp03z9
853,853,qp0999
854,854,qp090n
855,855,qp099f
856,856,qp094v
857,857,qp0d11
858,858,qp09gq
859,859,qp09hp
860,860,qp09kw
861,861,qp0957
862,862,qp03zh
863,863,qp03mt
864,864,qp03vb
865,865,qp08g4
866,866,qp094n
867,867,qp09ch
868,868,qp0d04
869,869,qp091t
870,870,qp0d5m
871,871,qp095z
872,872,qp091k
873,873,qp09mz
874,874,qp06pf
875,875,qp03tw
876,876,qp09tq
877,877,qp09up
878,878,qp0djd
879,879,qp0988
880,880,qp03wq
881,881,qp09ct
882,882,qp09sb
883,883,qp099q
884,884,qp0d1y
885,885,qp03te
886,886,qp09se
887,887,qp094c
888,888,qp08bz
889,889,qp09ej
890,890,qp09cf
891,891,qp03yt
892,892,qp0952
893,893,qp09m2
894,894,qp0972
895,895,qp09kd
896,896,qp09uk
897,897,qp0998
898,898,qp09ke
899,899,qp09su
900,900,qp03tm
901,901,qp02zq
902,902,qp0dj2
903,903,qp09qp
904,904,qp02z7
905,905,qp0930
906,906,qp03rr
907,907,qp0994
908,908,qp09dq
909,909,qp09kj
910,910,qp0977
911,911,qp099x
912,912,qp0904
913,913,qp06pd
914,914,qp03qz
915,915,qp093b
916,916,qp02z5
917,917,qp09jz
918,918,qp09v6
919,919,qp09c8
920,920,qp09hv
921,921,qp0902
922,922,qp03rv
923,923,qp08bw
924,924,qp09ub
925,925,qp09yj
926,926,qp0d4v
927,927,qp03pz
928,928,qp09sq
929,929,qp09f4
930,930,qp0d5c
931,931,qp09ks
932,932,qp03xg
933,933,qp0dhq
934,934,qp099n
935,935,qp0d1n
936,936,qp093e
937,937,qp099u
938,938,qp03w6
939,939,qp0dhk
940,940,qp0928
941,941,qp09fe
942,942,qp091v
943,943,qp09d9
944,944,qp03pq
945,945,qp03vf
946,946,qp03p6
947,947,qp03nb
948,948,qp09u2
949,949,qp09uq
950,950,qp0907
951,951,qp03qe
952,952,qp03nf
953,953,qp09du
954,954,qp09f3
955,955,qp099k
956,956,qp08bd
957,957,qp09ec
958,958,qp095s
959,959,qp03mm
960,960,qp0d10
961,961,qp08bn
962,962,qp09tj
963,963,qp09hq
964,964,qp02zv
965,965,qp08fn
966,966,qp09k6
967,967,qp09ve
968,968,qp09g4
969,969,qp097g
970,970,qp09jm
971,971,qp09vg
972,972,qp094e
973,973,qp09j7
974,974,qp0936
975,975,qp08c5
976,976,qp09jp
977,977,qp09vm
978,978,qp02zn
979,979,qp09vs
980,980,qp09s1
981,981,qp06nv
982,982,qp08bg
983,983,qp09gc
984,984,qp0932
985,985,qp0djq
986,986,qp0dn5
987,987,qp09v8
988,988,qp096r
989,989,qp09ey
990,990,qp09c7
991,991,qp0dhf
992,992,qp091g
993,993,qp09sg
994,994,qp03pc
995,995,qp097w
996,996,qp06p3
997,997,qp0dh5
998,998,qp09e0
999,999,qp03wu
1000,1000,qp0d1j
1001,1001,qp09e2
1002,1002,qp090h
1003,1003,qp08fj
1004,1004,qp03ry
1005,1005,qp0d13
1006,1006,qp03xe
1007,1007,qp0926
1008,1008,qp098f
1009,1009,qp03t2
1010,1010,qp09cn
1011,1011,qp09dr
1012,1012,qp09ms
1013,1013,qp03y8
1014,1014,qp09jk
1015,1015,qp03qp
1016,1016,qp09ur
1017,1017,qp095p
1018,1018,qp09s3
1019,1019,qp09gb
1020,1020,qp09h7
1021,1021,qp0973
1022,1022,qp09ee
1023,1023,qp09uh
1024,1024,qp09k8
1025,1025,qp08fw
1026,1026,qp09mt
1027,1027,qp08fy
1028,1028,qp09ff
1029,1029,qp09je
1030,1030,qp09yp
1031,1031,qp091q
1032,1032,qp08b7
1033,1033,qp096q
1034,1034,qp09dx
1035,1035,qp03vd
1036,1036,qp0905
1037,1037,qp09tk
1038,1038,qp0d0q
1039,1039,qp091m
1040,1040,qp09cq
1041,1041,qp09g7
1042,1042,qp0d0t
1043,1043,qp08cv
1044,1044,qp02z6
1045,1045,qp09kn
1046,1046,qp0d1d
1047,1047,qp0dh7
1048,1048,qp09f8
1049,1049,qp03y3
1050,1050,qp09jt
1051,1051,qp0dhv
1052,1052,qp09tb
1053,1053,qp02zf
1054,1054,qp03t3
1055,1055,qp09mj
1056,1056,qp09tm
1057,1057,qp0dh1
1058,1058,qp08gm
1059,1059,qp0dhd
1060,1060,qp03rw
1061,1061,qp03jr
1062,1062,qp090v
1063,1063,qp0937
1064,1064,qp0d03
1065,1065,qp08g7
1066,1066,qp093f
1067,1067,qp0995
1068,1068,qp09vd
1069,1069,qp08fh
1070,1070,qp09gz
1071,1071,qp09cr
1072,1072,qp0dj3
1073,1073,qp0d55
1074,1074,qp09cz
1075,1075,qp09v4
1076,1076,qp0d14
1077,1077,qp091r
1078,1078,qp08cu
1079,1079,qp08bv
1080,1080,qp09tt
1081,1081,qp03zq
1082,1082,qp02zg
1083,1083,qp0d1b
1084,1084,qp09h4
1085,1085,qp09hz
1086,1086,qp08be
1087,1087,qp0908
1088,1088,qp02zu
1089,1089,qp03p7
1090,1090,qp0d0y
1091,1091,qp095g
1092,1092,qp0d50
1093,1093,qp03tq
1094,1094,qp06ng
1095,1095,qp0dje
1096,1096,qp09sv
1097,1097,qp09kr
1098,1098,qp09cb
1099,1099,qp08gv
1100,1100,qp0938
1101,1101,qp09me
1102,1102,qp09y1
1103,1103,qp03mx
1104,1104,qp06nt
1105,1105,qp0djb
1106,1106,qp09jx
1107,1107,qp09gm
1108,1108,qp03yz
1109,1109,qp090y
1110,1110,qp09c2
1111,1111,qp06p8
1112,1112,qp0dhm
1113,1113,qp03p0
1114,1114,qp08bu
1115,1115,qp0d1q
1116,1116,qp090d
1117,1117,qp09u7
1118,1118,qp02yf
1119,1119,qp0dh3
1120,1120,qp0dn1
1121,1121,qp08b6
1122,1122,qp0d17
1123,1123,qp094s
1124,1124,qp095d
1125,1125,qp09qj
1126,1126,qp09km
1127,1127,qp08gw
1128,1128,qp09ty
1129,1129,qp09v3
1130,1130,qp09he
1131,1131,qp09c6
1132,1132,qp0965
1133,1133,qp0967
1134,1134,qp03pm
1135,1135,qp09m8
1136,1136,qp02z4
1137,1137,qp097p
1138,1138,qp091e
1139,1139,qp09m3
1140,1140,qp08b1
1141,1141,qp092z
1142,1142,qp097q
1143,1143,qp08bx
1144,1144,qp0d5h
1145,1145,qp08fp
1146,1146,qp0955
1147,1147,qp091s
1148,1148,qp03zy
1149,1149,qp09y4
1150,1150,qp09y0
1151,1151,qp09np
1152,1152,qp02z3
1153,1153,qp08fz
1154,1154,qp09ck
1155,1155,qp02yz
1156,1156,qp09br
1157,1157,qp08fv
1158,1158,qp03pg
1159,1159,qp09mf
1160,1160,qp093n
1161,1161,qp03nn
1162,1162,qp0906
1163,1163,qp03tk
1164,1164,qp09kq
1165,1165,qp09q0
1166,1166,qp0d5j
1167,1167,qp0943
1168,1168,qp0djg
1169,1169,qp08bt
1170,1170,qp09qn
1171,1171,qp03p5
1172,1172,qp09vh
1173,1173,qp095h
1174,1174,qp08cj
1175,1175,qp09mb
1176,1176,qp0d57
1177,1177,qp09j9
1178,1178,qp09k5
1179,1179,qp0d1v
1180,1180,qp08bs
1181,1181,qp09bx
1182,1182,qp099p
1183,1183,qp03qt
1184,1184,qp09j5
1185,1185,qp09te
1186,1186,qp0dju
1187,1187,qp0d5t
1188,1188,qp0d1e
1189,1189,qp09s4
1190,1190,qp0942
1191,1191,qp09cs
1192,1192,qp09jr
1193,1193,qp09jc
1194,1194,qp08gk
1195,1195,qp08g6
1196,1196,qp03v2
1197,1197,qp093j
1198,1198,qp094d
1199,1199,qp09mm
1200,1200,qp06ny
1201,1201,qp02yy
1202,1202,qp09v7
1203,1203,qp03tr
1204,1204,qp03y4
1205,1205,qp094f
1206,1206,qp097n
1207,1207,qp0dhj
1208,1208,qp03zx
1209,1209,qp09vf
1210,1210,qp08up
1211,1211,qp09m9
1212,1212,qp095f
1213,1213,qp0956
1214,1214,qp0dnn
1215,1215,qp0d0s
1216,1216,qp0dn0
1217,1217,qp098b
1218,1218,qp09jd
1219,1219,qp097j
1220,1220,qp0d5u
1221,1221,qp03vc
1222,1222,qp0d5d
1223,1223,qp08ch
1224,1224,qp09tu
1225,1225,qp09jg
1226,1226,qp08gs
1227,1227,qp0dn4
1228,1228,qp091p
1229,1229,qp09ts
1230,1230,qp09h1
1231,1231,qp09qh
1232,1232,qp09k7
1233,1233,qp09jy
1234,1234,qp08fr
1235,1235,qp09ju
1236,1236,qp0966
1237,1237,qp03yr
1238,1238,qp0d1s
1239,1239,qp091d
1240,1240,qp0djf
1241,1241,qp09mc
1242,1242,qp09h6
1243,1243,qp09bv
1244,1244,qp03v3
1245,1245,qp09d0
1246,1246,qp09q1
1247,1247,qp0d1u
1248,1248,qp09jb
1249,1249,qp098v
1250,1250,qp09tv
1251,1251,qp093k
1252,1252,qp0dnh
1253,1253,qp09js
1254,1254,qp091f
1255,1255,qp090z
1256,1256,qp0d5q
1257,1257,qp09h3
1258,1258,qp0d1t
1259,1259,qp0d0u
1260,1260,qp09wh
1261,1261,qp03yh
1262,1262,qp09n4
1263,1263,qp09q4
1264,1264,qp08uj
1265,1265,qp0d4j
1266,1266,qp09fc
1267,1267,qp09v5
1268,1268,qp08ft
1269,1269,qp08gu
1270,1270,qp09vc
1271,1271,qp0964
1272,1272,qp097r
1273,1273,qp0d44
1274,1274,qp09wn
1275,1275,qp08fu
1276,1276,qp09w0
1277,1277,qp03pj
1278,1278,qp09t3
1279,1279,qp091h
1280,1280,qp09tg
1281,1281,qp0d5n
1282,1282,qp09w4
1283,1283,qp09m6
1284,1284,qp08gh
1285,1285,qp0d4h
1286,1286,qp09vb
1287,1287,qp09jj
1288,1288,qp0917
1289,1289,qp09jw
1290,1290,qp0939
1291,1291,qp0935
1292,1292,qp09gd
1293,1293,qp06nw
1294,1294,qp08fq
1295,1295,qp0d08
1296,1296,qp09t7
1297,1297,qp09eg
1298,1298,qp0d43
1299,1299,qp0931
1300,1300,qp09n1
1301,1301,qp03y5
1302,1302,qp02yv
1303,1303,qp09mv
1304,1304,qp09by
1305,1305,qp09n0
1306,1306,qp09my
1307,1307,qp08g5
1308,1308,qp02yu
1309,1309,qp09dy
1310,1310,qp0d5k
1311,1311,qp0d5s
1312,1312,qp09kg
1313,1313,qp09m7
1314,1314,qp09s0
1315,1315,qp09n5
1316,1316,qp09w1
1317,1317,qp09nj
1318,1318,qp09dz
1319,1319,qp093h
1320,1320,qp08fs
1321,1321,qp0919
1322,1322,qp091j
1323,1323,qp09s5
1324,1324,qp092b
1325,1325,qp0d4m
1326,1326,qp03yn
1327,1327,qp09v9
1328,1328,qp0d45
